corner_case_pct,train_size,cells,mean_auroc,mean_f1_at_050,mean_best_f1,mean_pos_neg_gap,min_best_f1,max_best_f1
20,medium,3,0.949474,0.700783,0.704819,0.622458,0.688780,0.718042
20,small,3,0.514253,0.000000,0.202093,0.000343,0.200243,0.204713
50,medium,3,0.963020,0.737593,0.745745,0.732987,0.715770,0.776329
50,small,3,0.902327,0.567897,0.580302,0.434506,0.576561,0.587091
80,medium,3,0.542080,0.000000,0.233775,0.000447,0.223101,0.239852
80,small,3,0.851620,0.444880,0.451739,0.311088,0.427651,0.474642
